ncbi_taxon_id,relative_abundance,scientific_name
562,472.773,Escherichia coli
46506,962.876,Bacteroides stercoris
818,8.0864,Bacteroides thetaiotaomicron
28116,638.893,Bacteroides ovatus
457396,6.0741,Clostridium sp. 7_2_43FAA
1308,391.036,Streptococcus thermophilus
29361,385.003,Tyzzerella nexilis
39491,351.391,[Eubacterium] rectale
729,198.562,Haemophilus parainfluenzae
360807,174.179,Roseburia inulinivorans
33038,1.7163,[Ruminococcus] gnavus
1502,1.5532,Clostridium perfringens
658088,108.117,Lachnospiraceae bacterium 9_1_43BFAA
1492,5.764,Clostridium butyricum
150055,41.395,Streptococcus lutetiensis
33039,28.452,[Ruminococcus] torques
261299,7.013,Intestinibacter bartlettii
726,6.934,Haemophilus haemolyticus
727,3.868,Haemophilus influenzae
860,2.509,Fusobacterium periodonticum
154288,2.209,Turicibacter sanguinis
29466,2.153,Veillonella parvula
1304,1.979,Streptococcus salivarius
658083,1.757,Lachnospiraceae bacterium 6_1_63FAA
208479,1.497,[Clostridium] bolteae
28135,1.366,Prevotella oris
658082,1.305,Lachnospiraceae bacterium 2_1_58FAA
1318,837,Streptococcus parasanguinis
658659,715,Erysipelotrichaceae bacterium 3_1_53
-1,157.581,Unknown
337315,946.298,Candidatus Peptoniphilus massiliensis
29360,170.334,Cellulosilyticum lentocellum
204516,270.641,Bacteroides massiliensis
1671366,18.926,Ruminococcus sp. DSM 100440
850,662.408,Fusobacterium mortiferum
28129,946.298,Prevotella denticola
1547,813.816,Erysipelatoclostridium ramosum
180164,104.093,Blautia schinkii
282125,946.298,Sutterella sanguinus
1352,378.519,Enterococcus faecium
1541,21.481,Terrisporobacter mayombei
1113821,946.298,Microbulbifer sp. NBRC 101764
37734,946.298,Enterococcus casseliflavus
1561,123.019,Clostridium baratii
1490,18.926,Paraclostridium bifermentans
301302,378.519,Roseburia faecis
871324,283.889,Bacteroides stercorirosoris
36835,104.093,[Clostridium] colinum
714,473.149,Aggregatibacter actinomycetemcomitans
82801,946.298,Desemzia incerta
357276,340.667,Bacteroides dorei
328814,274.426,Alistipes shahii
179628,18.926,Clostridium colicanis
1343,473.149,Streptococcus vestibularis
89014,459.901,Blautia luti
1550,662.408,Clostridium subterminale
1297750,611.308,Bacteroides luti
291644,946.298,Bacteroides salyersiae
246787,662.408,Bacteroides cellulosilyticus
143393,18.926,[Eubacterium] sulci
1303,123.019,Streptococcus oralis
536633,427.727,Blautia glucerasea
39778,170.334,Veillonella dispar
97253,160.871,Eubacterium plexicaudatum
58134,18.926,[Desulfotomaculum] guttoideum
39486,18.926,Dorea formicigenerans
1535,148.096,[Clostridium] leptum
853,207.145,Faecalibacterium prausnitzii
1335,567.779,Streptococcus equinus
861,378.519,Fusobacterium ulcerans
234908,160.871,Sutterella stercoricanis
69825,18.926,[Clostridium] indolis
823,946.298,Parabacteroides distasonis
1737,409.747,[Eubacterium] tenue
61635,283.889,Acholeplasma brassicae
860,946.298,Fusobacterium periodonticum
197345,946.298,Psychroflexus tropicus
729,102.389,Haemophilus parainfluenzae
204038,170.334,Dickeya dadantii
28119,378.519,Bacteroides zoogleoformans
29466,141.945,Veillonella parvula
36850,308.493,Clostridium quinii
208479,378.519,[Clostridium] bolteae
739,946.298,Aggregatibacter segnis
732,18.926,Aggregatibacter aphrophilus
33033,283.889,Parvimonas micra
358743,160.871,[Clostridium] citroniae
1322,18.926,Blautia hansenii
151276,946.298,Bacteroides coprosuis
856,18.926,Fusobacterium varium
38986,18.926,Acholeplasma palmae
187327,473.149,Acidaminococcus intestini
33037,946.298,Anaerococcus vaginalis
36847,44.476,[Clostridium] neopropionicum
28117,946.298,Alistipes putredinis
1308,176.958,Streptococcus thermophilus
39494,946.298,[Eubacterium] tortuosum
28111,946.298,Bacteroides eggerthii
669,946.298,Vibrio harveyi
46124,18.926,Granulicatella adiacens
28037,738.112,Streptococcus mitis
31971,842.205,[Eubacterium] dolichum
28135,174.119,Prevotella oris
39484,123.019,Eubacterium desmolans
1502,106.742,Clostridium perfringens
52694,946.298,Acetobacterium wieringae
47678,416.371,Bacteroides caccae
46206,946.298,Pseudobutyrivibrio ruminis
105841,123.019,Anaerostipes caccae
1307,946.298,Streptococcus suis
36745,18.926,Clostridium saccharoperbutylacetonicum
52226,946.298,Mitsuokella multacida
1559,771.233,Clostridium tertium
28161,104.093,Bisgaard Taxon 7
46228,170.334,Ruminococcus lactaris
574375,18.926,Bacillus gaemokensis
390877,18.926,Nisaea denitrificans
821,113.556,Bacteroides vulgatus
137732,946.298,Granulicatella elegans
1532,421.954,Blautia coccoides
1496,283.889,Clostridioides difficile
36834,331.204,Clostridium celatum
33039,946.298,[Ruminococcus] torques
1267,946.298,Clostridium ventriculi
28901,946.298,Salmonella enterica
1110546,283.889,Veillonella tobetsuensis
1356,946.298,Enterococcus sulfureus
88431,283.889,Dorea longicatena
29363,643.482,Clostridium paraputrificum
820,264.963,Bacteroides uniformis
1605,359.593,Lactobacillus animalis
1336,473.149,Streptococcus equi
817,491.128,Bacteroides fragilis
1583,946.298,Weissella confusa
84026,104.093,[Clostridium] methylpentosum
84030,946.298,[Clostridium] saccharolyticum
33031,946.298,Peptoniphilus lacrimalis
40520,148.569,Blautia obeum
39777,170.334,Veillonella atypica
329854,283.889,Bacteroides intestinalis
1530,946.298,Clostridium carnis
301301,18.926,Roseburia hominis
214853,946.298,Anaerofustis stercorihominis
35701,473.149,Heliobacterium modesticaldum
28118,946.298,Odoribacter splanchnicus
691816,946.298,Bacteroides rodentium
29347,946.298,[Clostridium] scindens
1504,946.298,Clostridium septicum
360807,416.371,Roseburia inulinivorans
645466,18.926,Anaerostipes butyraticus
623,208.185,Shigella flexneri
288965,757.038,[Clostridium] clariflavum
1313,946.298,Streptococcus pneumoniae
86103,946.298,Idiomarina zobellii
1512,946.298,[Clostridium] symbiosum
371601,230.897,Bacteroides xylanisolvens
39491,321.741,[Eubacterium] rectale
818,168.157,Bacteroides thetaiotaomicron
35519,946.298,Mogibacterium timidum
33038,207.637,[Ruminococcus] gnavus
46506,237.048,Bacteroides stercoris
1492,946.298,Clostridium butyricum
1302,946.298,Streptococcus gordonii
703,283.889,Plesiomonas shigelloides
472113,208.185,Geofilum rubicundum
28446,473.149,[Clostridium] propionicum
439703,946.298,Prevotella maculosa
851,283.889,Fusobacterium nucleatum
53446,946.298,Streptomyces cinnamoneus
180311,832.742,Hespellia stercorisuis
2724,114.502,Hirschia baltica
1358,662.408,Lactococcus lactis
562,1.2898,Escherichia coli
1304,723.918,Streptococcus salivarius
341225,141.945,[Clostridium] saccharogumia
28116,911.568,Bacteroides ovatus
166485,463.686,Caminicella sporogenes
33029,473.149,Anaerococcus hydrogenalis
85831,18.926,Bacteroides acidifaciens
1379,757.038,Gemella haemolysans
261299,132.482,Intestinibacter bartlettii
-1,441.561,Unknown
1465754,946.298,Alistipes timonensis
107580,473.149,Bacteroides sp. CIP103040
29348,165.697,[Clostridium] spiroforme
33038,441.243,[Ruminococcus] gnavus
39491,136.098,[Eubacterium] rectale
46506,764.009,Bacteroides stercoris
853,739.755,Faecalibacterium prausnitzii
818,673.604,Bacteroides thetaiotaomicron
28116,530.061,Bacteroides ovatus
562,482.224,Escherichia coli
29361,314.977,Tyzzerella nexilis
1502,120.276,Clostridium perfringens
1308,63.082,Streptococcus thermophilus
33039,48.882,[Ruminococcus] torques
729,48.008,Haemophilus parainfluenzae
658088,20.677,Lachnospiraceae bacterium 9_1_43BFAA
33035,20.063,Blautia producta
665951,19.469,Lachnospiraceae bacterium 8_1_57FAA
360807,16.938,Roseburia inulinivorans
658089,16.093,Lachnospiraceae bacterium 5_1_63FAA
292800,14.115,Flavonifractor plautii
33037,10.291,Anaerococcus vaginalis
501571,967,Butyricicoccus pullicaecorum
1318,8.895,Streptococcus parasanguinis
166486,8.629,Roseburia intestinalis
28135,7.651,Prevotella oris
649756,6.816,Anaerostipes hadrus
742723,6.785,Lachnospiraceae bacterium 2_1_46FAA
1351,5.979,Enterococcus faecalis
36841,5.472,Terrisporobacter glycolicus
1287640,4.817,Anaerococcus obesiensis
1304,469,Streptococcus salivarius
28037,3.442,Streptococcus mitis
29466,1.719,Veillonella parvula
1077464,1.679,Streptococcus tigurinus
55565,1.586,Actinomyces graevenitzii
457422,1.561,Erysipelotrichaceae bacterium 2_2_44A
208479,1.035,[Clostridium] bolteae
45634,1.014,Streptococcus cristatus
68892,94,Streptococcus infantis
1379,835,Gemella haemolysans
1512,717,[Clostridium] symbiosum
33033,622,Parvimonas micra
1531,48,[Clostridium] clostridioforme
573,436,Klebsiella pneumoniae
552395,428,Lachnospiraceae bacterium 4_1_37FAA
658657,387,Erysipelotrichaceae bacterium 21_3
457421,374,Clostridiales bacterium 1_7_47FAA
261299,309,Intestinibacter bartlettii
45634,307,Streptococcus cristatus
39778,291,Veillonella dispar
658083,247,Lachnospiraceae bacterium 6_1_63FAA
216816,194,Bifidobacterium longum
658655,113,Lachnospiraceae bacterium 1_4_56FAA
113107,113,Streptococcus australis
84135,96,Gemella sanguinis
658087,51,Lachnospiraceae bacterium 7_1_58FAA
1358,47,Lactococcus lactis
40520,32,Blautia obeum
-1,2.3561,Unknown
589436,292.665,Prevotella fusca
437898,228.645,Sutterella parvirubra
86265,457.289,Pseudomonas thivervalensis
28129,457.289,Prevotella denticola
587753,457.289,Pseudomonas chlororaphis
200,137.187,Campylobacter curvus
821,20.578,Bacteroides vulgatus
1261,914.578,Peptostreptococcus anaerobius
282125,114.322,Sutterella sanguinus
329,320.102,Ralstonia pickettii
76123,384.123,Prevotella enoeca
1566822,457.289,Flavobacterium sp. YIM 97465
165179,685.934,Prevotella copri
660537,457.289,Paraburkholderia acidipaludis
70775,228.645,Pseudomonas plecoglossicida
357276,457.289,Bacteroides dorei
291645,457.289,Bacteroides nordii
33036,365.831,Anaerococcus tetradius
1338,320.102,Streptococcus intermedius
28114,640.205,Porphyromonas levii
1529,320.102,Clostridium cadaveris
54007,914.578,Anaerococcus octavius
287,228.645,Pseudomonas aeruginosa
504487,342.967,Jejuia pallidilutea
185294,914.578,Prevotella paludivivens
29363,914.578,Clostridium paraputrificum
294,182.916,Pseudomonas fluorescens
246787,457.289,Bacteroides cellulosilyticus
143393,914.578,[Eubacterium] sulci
169292,457.289,Corynebacterium aurimucosum
1336,914.578,Streptococcus equi
817,457.289,Bacteroides fragilis
228604,114.322,Prevotella salivae
114528,594.476,Mogibacterium neglectum
470565,914.578,Prevotella histicola
454154,914.578,Paraprevotella clara
28127,457.289,Prevotella buccalis
1383,274.374,Atopobium rimae
33031,362.173,Peptoniphilus lacrimalis
54005,914.578,Peptoniphilus harei
39498,137.187,[Eubacterium] yurii
234908,711.085,Sutterella stercoricanis
589437,34.754,Prevotella scopos
28104,457.289,Mesorhizobium huakuii
1341,457.289,Streptococcus ratti
839,294.494,Prevotella ruminicola
185293,457.289,Prevotella oryzae
228603,914.578,Prevotella shahii
77768,320.102,Prevotella albensis
36874,228.645,Porphyromonas cangingivalis
824,114.322,Campylobacter gracilis
321327,187.489,Synechococcus sp. JA-3-3Ab
52227,685.934,Prevotella dentalis
28125,461.862,Prevotella bivia
755171,457.289,Peptoniphilus tyrrelliae
310514,191.147,Prevotella multisaccharivorax
818,914.578,Bacteroides thetaiotaomicron
28117,914.578,Alistipes putredinis
28135,295.729,Prevotella oris
439703,166.911,Prevotella maculosa
851,446.817,Fusobacterium nucleatum
28134,104.262,Prevotella oralis
309120,274.374,Dialister micraerophilus
242750,960.307,Prevotella bergensis
562,503.018,Escherichia coli
77095,137.187,Prevotella bryantii
194867,914.578,Sphingomonas sp. ATCC 31555
28133,301.811,Prevotella nigrescens
840,128.041,Prevotella loescheii
28128,137.187,Prevotella corporis
28116,457.289,Bacteroides ovatus
218538,182.916,Dialister invisus
33029,457.289,Anaerococcus hydrogenalis
85831,457.289,Bacteroides acidifaciens
1159213,457.289,Peptostreptococcus canis
-1,2.4465,Unknown
28116,324.584,Bacteroides ovatus
46506,202.026,Bacteroides stercoris
562,136.503,Escherichia coli
818,11.5919,Bacteroides thetaiotaomicron
1492,278.093,Clostridium butyricum
154046,161.017,Hungatella hathewayi
33038,160.118,[Ruminococcus] gnavus
154288,136.685,Turicibacter sanguinis
358743,111.319,[Clostridium] citroniae
208479,85.789,[Clostridium] bolteae
29361,79.324,Tyzzerella nexilis
729,21.053,Haemophilus parainfluenzae
501571,1.374,Butyricicoccus pullicaecorum
1496,11.992,Clostridioides difficile
1512,1.018,[Clostridium] symbiosum
36841,8.128,Terrisporobacter glycolicus
860,6.544,Fusobacterium periodonticum
1318,5.475,Streptococcus parasanguinis
33039,2.562,[Ruminococcus] torques
658088,2.245,Lachnospiraceae bacterium 9_1_43BFAA
333367,2.214,[Clostridium] asparagiforme
28037,2.015,Streptococcus mitis
39778,1.824,Veillonella dispar
35833,1.352,Bilophila wadsworthia
573,1.177,Klebsiella pneumoniae
1547,771,Erysipelatoclostridium ramosum
29466,655,Veillonella parvula
45634,646,Streptococcus cristatus
550,448,Enterobacter cloacae
539,362,Eikenella corrodens
113107,85,Streptococcus australis
-1,11.0387,Unknown
28116,356.677,Bacteroides ovatus
46506,228.967,Bacteroides stercoris
562,12.3546,Escherichia coli
818,11.6531,Bacteroides thetaiotaomicron
1492,133.495,Clostridium butyricum
154046,1.0424,Hungatella hathewayi
33038,87.805,[Ruminococcus] gnavus
358743,70.791,[Clostridium] citroniae
154288,4.019,Turicibacter sanguinis
29361,30.655,Tyzzerella nexilis
-1,12.7562,Unknown
46506,299.598,Bacteroides stercoris
28116,203.955,Bacteroides ovatus
33038,160.025,[Ruminococcus] gnavus
853,890.069,Faecalibacterium prausnitzii
562,679.265,Escherichia coli
29361,5.3,Tyzzerella nexilis
818,324.889,Bacteroides thetaiotaomicron
39491,3.0836,[Eubacterium] rectale
1502,163.025,Clostridium perfringens
28135,35.689,Prevotella oris
261299,32.251,Intestinibacter bartlettii
658088,30.887,Lachnospiraceae bacterium 9_1_43BFAA
1308,29.421,Streptococcus thermophilus
150055,22.385,Streptococcus lutetiensis
33039,16.824,[Ruminococcus] torques
292800,15.568,Flavonifractor plautii
360807,14.297,Roseburia inulinivorans
29466,11.864,Veillonella parvula
658655,11.589,Lachnospiraceae bacterium 1_4_56FAA
552395,10.639,Lachnospiraceae bacterium 4_1_37FAA
665951,9.866,Lachnospiraceae bacterium 8_1_57FAA
1512,7.495,[Clostridium] symbiosum
1547,6.275,Erysipelatoclostridium ramosum
658089,3.554,Lachnospiraceae bacterium 5_1_63FAA
1531,3.031,[Clostridium] clostridioforme
729,225,Haemophilus parainfluenzae
649756,1.475,Anaerostipes hadrus
658082,1.243,Lachnospiraceae bacterium 2_1_58FAA
817,811,Bacteroides fragilis
28037,478,Streptococcus mitis
-1,2.1972,Unknown
46506,231.363,Bacteroides stercoris
28116,220.941,Bacteroides ovatus
562,11.0263,Escherichia coli
39491,10.0618,[Eubacterium] rectale
818,980.642,Bacteroides thetaiotaomicron
33038,618.661,[Ruminococcus] gnavus
729,333.529,Haemophilus parainfluenzae
360807,160.557,Roseburia inulinivorans
29361,107.369,Tyzzerella nexilis
154288,105.231,Turicibacter sanguinis
1492,101.487,Clostridium butyricum
658089,68.043,Lachnospiraceae bacterium 5_1_63FAA
261299,5.536,Intestinibacter bartlettii
649756,40.993,Anaerostipes hadrus
658088,15.403,Lachnospiraceae bacterium 9_1_43BFAA
1512,6.031,[Clostridium] symbiosum
658659,5.276,Erysipelotrichaceae bacterium 3_1_53
28037,4.086,Streptococcus mitis
1531,1.814,[Clostridium] clostridioforme
658083,178,Lachnospiraceae bacterium 6_1_63FAA
-1,761.891,Unknown
156980,110.605,Arthrobacter woluwensis
1539,22.121,Clostridium malenominatum
76122,884.838,Alloprevotella tannerae
1547,152.635,Erysipelatoclostridium ramosum
1261,862.717,Peptostreptococcus anaerobius
282125,106.181,Sutterella sanguinus
1352,132.726,Enterococcus faecium
329,353.935,Ralstonia pickettii
1608996,663.629,Pseudomonas helleri
37734,13.715,Enterococcus casseliflavus
1561,22.121,Clostridium baratii
1681,663.629,Bifidobacterium bifidum
871324,110.605,Bacteroides stercorirosoris
165179,13.715,Prevotella copri
714,442.419,Aggregatibacter actinomycetemcomitans
1280,22.121,Staphylococcus aureus
316,22.121,Pseudomonas stutzeri
70775,486.661,Pseudomonas plecoglossicida
357276,194.664,Bacteroides dorei
47246,132.726,[Clostridium] viride
328814,663.629,Alistipes shahii
1531,22.121,[Clostridium] clostridioforme
33036,154.847,Anaerococcus tetradius
179628,884.838,Clostridium colicanis
29435,22.121,Pseudomonas flavescens
1343,884.838,Streptococcus vestibularis
1689,376.056,Bifidobacterium dentium
1195760,22.121,Wenyingzhuangia marina
54007,442.419,Anaerococcus octavius
593909,22.121,Mesorhizobium opportunistum
287,110.605,Pseudomonas aeruginosa
504487,774.233,Jejuia pallidilutea
47879,884.838,Pseudomonas corrugata
726,110.605,Haemophilus haemolyticus
1297750,243.331,Bacteroides luti
294,110.605,Pseudomonas fluorescens
291644,176.968,Bacteroides salyersiae
246787,900.323,Bacteroides cellulosilyticus
292,22.121,Burkholderia cepacia
1303,254.391,Streptococcus oralis
39778,681.325,Veillonella dispar
228604,22.121,Prevotella salivae
471511,442.419,Bifidobacterium bombi
40682,22.121,Sphingomonas mali
871325,442.419,Bacteroides faecichinchillae
54005,22.121,Peptoniphilus harei
39492,121.665,[Eubacterium] siraeum
157688,309.693,Leptotrichia hofstadii
234908,431.359,Sutterella stercoricanis
28104,663.629,Mesorhizobium huakuii
69825,22.121,[Clostridium] indolis
1737,484.449,[Eubacterium] tenue
61635,796.354,Acholeplasma brassicae
860,110.605,Fusobacterium periodonticum
44009,353.935,Enterococcus dispar
729,442.419,Haemophilus parainfluenzae
228603,22.121,Prevotella shahii
328813,553.024,Alistipes onderdonkii
29466,497.722,Veillonella parvula
208479,995.443,[Clostridium] bolteae
29367,455.692,Clostridium puniceum
358743,442.419,[Clostridium] citroniae
310298,442.419,Bacteroides coprocola
1656,22.121,Actinomyces viscosus
33034,22.121,Anaerococcus prevotii
243924,110.605,Pseudomonas lutea
216816,22.121,Bifidobacterium longum
28117,117.462,Alistipes putredinis
1308,663.629,Streptococcus thermophilus
46124,796.354,Granulicatella adiacens
28037,513.206,Streptococcus mitis
305719,442.419,Prevotella baroniae
28135,22.121,Prevotella oris
1502,147.547,Clostridium perfringens
242750,331.814,Prevotella bergensis
341694,22.121,Peptostreptococcus stomatis
194867,176.968,Sphingomonas sp. ATCC 31555
28133,176.968,Prevotella nigrescens
1354,442.419,Enterococcus hirae
102134,22.121,Desulfotomaculum gibsoniae
47678,420.298,Bacteroides caccae
40542,663.629,Leptotrichia buccalis
1307,110.605,Streptococcus suis
36745,38.048,Clostridium saccharoperbutylacetonicum
78343,442.419,Bifidobacterium boum
156456,22.121,Anaeroglobus geminatus
437898,176.968,Sutterella parvirubra
86265,22.121,Pseudomonas thivervalensis
821,535.659,Bacteroides vulgatus
182640,884.838,Kribbella flavida
76123,906.959,Prevotella enoeca
262209,22.121,Janibacter melonis
114702,442.419,Actinomyces lingnae
1598,663.629,Lactobacillus reuteri
1311,884.838,Streptococcus agalactiae
291645,249.967,Bacteroides nordii
1491,420.298,Clostridium botulinum
1110546,265.451,Veillonella tobetsuensis
1356,597.266,Enterococcus sulfureus
28126,663.629,Prevotella buccae
1747,22.121,Propionibacterium acnes
29363,347.299,Clostridium paraputrificum
135082,663.629,Selenomonas infelix
820,265.451,Bacteroides uniformis
1336,442.419,Streptococcus equi
157692,442.419,Leptotrichia goodfellowii
454154,282.042,Paraprevotella clara
84030,22.121,[Clostridium] saccharolyticum
33031,575.145,Peptoniphilus lacrimalis
477666,22.121,Bacteroides graminisolvens
39777,126.532,Veillonella atypica
329854,150.423,Bacteroides intestinalis
290053,154.847,Bacteroides helcogenes
839,110.605,Prevotella ruminicola
1683,442.419,Bifidobacterium angulatum
35701,970.889,Heliobacterium modesticaldum
691816,22.121,Bacteroides rodentium
1382,22.121,Atopobium parvulum
2047,22.121,Rothia dentocariosa
1504,22.121,Clostridium septicum
824,442.419,Campylobacter gracilis
321327,252.179,Synechococcus sp. JA-3-3Ab
1520,595.054,Clostridium beijerinckii
28125,145.998,Prevotella bivia
755171,663.629,Peptoniphilus tyrrelliae
160453,442.419,Enterococcus gilvus
308994,442.419,Dialister propionicifaciens
310514,663.629,Prevotella multisaccharivorax
1512,940.141,[Clostridium] symbiosum
371601,641.508,Bacteroides xylanisolvens
818,233.597,Bacteroides thetaiotaomicron
46506,729.992,Bacteroides stercoris
1492,130.514,Clostridium butyricum
55565,442.419,Actinomyces graevenitzii
1302,884.838,Streptococcus gordonii
46125,68.575,Abiotrophia defectiva
439703,442.419,Prevotella maculosa
851,473.388,Fusobacterium nucleatum
309120,442.419,Dialister micraerophilus
1685,128.302,Bifidobacterium breve
28134,597.266,Prevotella oralis
2724,163.474,Hirschia baltica
180311,389.329,Hespellia stercorisuis
562,663.629,Escherichia coli
840,353.935,Prevotella loescheii
1304,575.145,Streptococcus salivarius
341225,22.121,[Clostridium] saccharogumia
61624,165.907,Paenibacillus mucilaginosus
28116,429.147,Bacteroides ovatus
1515,663.629,Ruminiclostridium thermocellum
218538,110.605,Dialister invisus
1260,442.419,Finegoldia magna
85831,530.903,Bacteroides acidifaciens
1379,117.241,Gemella haemolysans
1159213,442.419,Peptostreptococcus canis
376804,884.838,Bacteroides barnesiae
1691,22.121,Bifidobacterium indicum
261299,287.572,Intestinibacter bartlettii
-1,578.242,Unknown
1465754,884.838,Alistipes timonensis
1648,546.829,Erysipelothrix rhusiopathiae
293050,546.829,Rhodococcus kroppenstedtii
84980,546.829,Desulfotalea psychrophila
78345,475.523,Bifidobacterium merycicum
362648,546.829,Microbacterium sp. IFO 15709
87732,546.829,Porphyrobacter sp. MBIC3936
97084,109.366,Halobacteriovorax marinus
1386898,546.829,Bacillus sp. KMM 6752
84500,174.985,Alcanivorax sp. Wf-1
301302,522.878,Roseburia faecis
482564,164.049,Oscillatoria nigro-viridis
293371,546.829,Lactobacillus oligofermentans
103817,109.366,Janibacter terrae
66219,546.829,Lachnoclostridium phytofermentans
1364,328.097,Lactococcus piscium
1408,765.561,Bacillus pumilus
189723,328.097,Prevotella micans
215591,546.829,Treponema caldarium
38284,142.176,Corynebacterium accolens
48467,546.829,Prosthecobacter debontii
81475,164.049,Frateuria aurantia
39122,38.278,Skermania piniformis
47715,328.097,Lactobacillus rhamnosus
326994,546.829,Halomonas phoceae
40682,273.415,Sphingomonas mali
1810,546.829,Mycobacterium vaccae
465721,218.732,Steroidobacter denitrificans
861,333.566,Fusobacterium ulcerans
105612,131.239,Lactobacillus algidus
1113658,109.366,Sphingomonas sp. NBRC 15914
2718,546.829,Cardiobacterium hominis
1070864,546.829,Actinophytocola sp. YIM 75635
553611,25.701,Photobacterium leiognathi
197345,546.829,Psychroflexus tropicus
1144661,109.366,Acinetobacter sp. CIP 101934
218284,492.146,Bacillus vietnamensis
983706,492.146,Bifidobacterium reuteri
495,273.415,Neisseria elongata
1322,161.916,Blautia hansenii
1487956,492.146,Corynebacterium sp. ATCC 6931
39645,207.795,Mesorhizobium ciceri
365033,344.502,Aureispira marina
187327,602.824,Acidaminococcus intestini
335974,546.829,Marinobacter koreensis
1177728,218.732,Varibaculum sp. CCUG 31793
392838,546.829,Bacteroides propionicifaciens
39494,273.415,[Eubacterium] tortuosum
84159,38.278,Magnetospirillum magneticum
31971,27.068,[Eubacterium] dolichum
28135,175.532,Prevotella oris
44749,273.415,Sporobacter termitidis
467094,131.239,Ilumatobacter coccineus
71235,546.829,Stappia stellulata
1134405,273.415,Melioribacter roseus
101070,546.829,Rummeliibacillus pycnus
1288392,546.829,Moraxella porci
671224,109.366,Selenomonas artemidis
52769,38.278,Actinomyces gerencseriae
1381,546.829,Atopobium minutum
256847,546.829,Lentisphaera araneosa
53412,546.829,Pseudomonas resinovorans
28124,218.732,Porphyromonas endodontalis
225196,164.049,Geopsychrobacter electrodiphilus
2033,546.829,Microbacterium testaceum
29527,164.049,Syntrophobacter wolinii
81425,114.834,Desulfovibrio aminophilus
119,546.829,Rubinisphaera brasiliensis
390877,434.729,Nisaea denitrificans
282402,109.366,Prevotella multiformis
28132,363.641,Prevotella melaninogenica
88382,546.829,Promicromonospora sukumoe
171523,546.829,Lactobacillus pantheris
91844,109.366,Candidatus Portiera aleyrodidarum
132925,546.829,Clostridium bowmanii
1123067,109.366,Rubellimicrobium mesophilum
28114,125.224,Porphyromonas levii
29534,546.829,Flavobacterium saccharophilum
480,273.415,Moraxella catarrhalis
45495,125.771,Methylophaga marina
438,546.829,Acetobacter pasteurianus
29363,127.903,Clostridium paraputrificum
68569,546.829,Sphingomonas leidyi
74426,109.366,Collinsella aerofaciens
1336,15.858,Streptococcus equi
270689,546.829,Streptomyces aculeolatus
46609,929.609,Clostridium pascui
38304,514.019,Corynebacterium tuberculostearicum
454154,546.829,Paraprevotella clara
39029,109.366,Megasphaera cerevisiae
443144,273.415,Geobacter sp. M21
363277,612.449,Ktedonobacter racemifer
863643,218.732,Thermincola potens
573,109.366,Klebsiella pneumoniae
1109412,546.829,Brenneria goodwinii
520083,667.131,Lactobacillus sp. KLDS 1.0716
596085,109.366,Prevotella aurantiaca
626947,193.031,Parasutterella secunda
1530,109.366,Clostridium carnis
872327,546.829,Lactobacillus pasteurii
722472,546.829,Bradyrhizobium lablabi
638,708.691,Arsenophonus nasoniae
315405,617.917,Streptococcus gallolyticus
386414,164.049,Prevotella timonensis
467210,475.741,Lachnoanaerobaculum saburreum
2047,273.415,Rothia dentocariosa
1002672,180.454,Candidatus Pelagibacter sp. IMCC9063
271065,109.366,Methylomicrobium alcaliphilum
47886,546.829,Pseudomonas luteola
381,546.829,Mesorhizobium loti
71999,109.366,Kocuria palustris
1349,109.366,Streptococcus uberis
160453,120.302,Enterococcus gilvus
43769,820.244,Corynebacterium propinquum
28197,109.366,Arcobacter butzleri
40214,666.585,Acinetobacter johnsonii
341220,196.858,Lactonifactor longoviformis
1517,546.829,Thermoanaerobacterium thermosaccharolyticum
528244,546.829,Azospirillum thiophilum
199592,546.829,Microbacterium paraoxydans
472113,206.209,Geofilum rubicundum
232721,164.049,Acidovorax sp. JS42
1715347,546.829,Garciella sp. YIM G1-1
1309,462.617,Streptococcus mutans
36844,109.366,Clostridium homopropionicum
83219,109.366,Sulfitobacter mediterraneus
331679,136.707,Pediococcus stilesii
223392,546.829,Rhodococcus gordoniae
61624,196.858,Paenibacillus mucilaginosus
51,109.366,Chondromyces apiculatus
392333,110.459,Geoalkalibacter ferrihydriticus
1622,546.829,Lactobacillus murinus
1260,328.097,Finegoldia magna
93064,437.463,Sphingomonas koreensis
385492,546.829,Pseudophaeobacter arcticus
167964,229.668,Anaerolinea thermophila
41986,546.829,Agromyces mediolanus
134534,38.278,Acinetobacter gyllenbergii
38301,38.278,Corynebacterium minutissimum
2736,492.146,Verrucomicrobium spinosum
1391911,109.366,Micrococcus aloeverae
582851,273.415,Oceanobacillus sojae
1539,546.829,Clostridium malenominatum
1078480,268.493,Haemophilus sputorum
35816,546.829,Pelobacter acidigallici
65552,546.829,Meiothermus cerbereus
1609137,328.097,Streptomyces sp. NRRL F-4428
1541,218.732,Terrisporobacter mayombei
552810,109.366,Dehalogenimonas lykanthroporepellens
273678,109.366,Microbacterium hydrocarbonoxydans
1048758,546.829,Candidatus Moranella endobia
82367,164.049,Paracoccus pantotrophus
888,492.146,Desulfobotulus sapovorans
357276,485.792,Bacteroides dorei
1463908,328.097,Streptomyces sp. NRRL S-455
151,218.732,Spirochaeta litoralis
47246,217.091,[Clostridium] viride
1411150,86.399,Sphaerochaeta sp. DSM 26296
638619,25.701,Bifidobacterium actinocoloniiforme
287,388.249,Pseudomonas aeruginosa
1019,546.829,Capnocytophaga sputigena
294,579.639,Pseudomonas fluorescens
291990,754.624,Thermosediminibacter oceani
310400,273.415,Sphingomonas yunnanensis
159449,546.829,Streptomyces scabrisporus
1525,546.829,Moorella thermoacetica
155617,771.029,Enterococcus moraviensis
185008,109.366,Butyrivibrio hungatei
332095,710.878,Dethiosulfatibacter aminovorans
37637,437.463,Corynebacterium pseudodiphtheriticum
1383,229.668,Atopobium rimae
627192,546.829,Sphingobium sp. SYK-6
860,280.523,Fusobacterium periodonticum
136857,109.366,Corynebacterium testudinoris
1063,143.105,Rhodobacter sphaeroides
354240,546.829,Mechercharimyces asporophorigenens
43143,492.146,Tissierella creatinini
33033,120.302,Parvimonas micra
1656,437.463,Actinomyces viscosus
856,593.654,Fusobacterium varium
38286,273.415,Corynebacterium afermentans
161896,437.463,Corynebacterium camporealensis
29448,164.049,Bradyrhizobium elkanii
236753,109.366,Fastidiosipila sanguinis
1071390,869.458,Acinetobacter sp. NBRC 100985
588,984.292,Providencia stuartii
28212,109.366,Sphingomonas adhaesiva
1684,503.083,Bifidobacterium asteroides
626937,601.512,Christensenella minuta
257440,546.829,Pleomorphomonas koreensis
1136497,459.336,Brevibacterium siliguriense
1582,273.961,Lactobacillus casei
273677,546.829,Microbacterium oleivorans
1599,251.541,Lactobacillus sakei
84109,164.049,Slackia exigua
35833,601.512,Bilophila wadsworthia
542,109.366,Zymomonas mobilis
279277,109.366,Helicobacter sp. 'B10B Seymour'
79882,546.829,Bacillus halmapalus
28090,109.366,Acinetobacter lwoffii
52226,278.883,Mitsuokella multacida
437898,527.471,Sutterella parvirubra
1559,547.923,Clostridium tertium
407019,164.049,Sphingomonas astaxanthinifaciens
83661,273.415,Desulfonispora thiosulfatigenes
114527,486.678,Mogibacterium diversum
35517,978.824,[Eubacterium] brachy
247639,109.366,marine gamma proteobacterium HTCC2080
84588,164.049,Synechococcus sp. WH 8102
91464,546.829,Synechococcus sp. PCC 7335
47770,25.701,Lactobacillus crispatus
943673,822.431,Lactobacillus brantae
477,546.829,Moraxella lacunata
291645,689.005,Bacteroides nordii
1338,311.693,Streptococcus intermedius
1304158,193.031,Salinisphaera halophila
44008,273.415,Enterococcus cecorum
28126,491.545,Prevotella buccae
1124597,164.049,Magnetococcus marinus
1510,109.366,[Clostridium] stercorarium
663,352.158,Vibrio alginolyticus
157687,761.733,Leptotrichia wadei
648794,164.049,Aeromonas rivuli
1076,546.829,Rhodopseudomonas palustris
36839,109.366,Clostridium felsineum
40520,705.956,Blautia obeum
78058,241.698,Paenibacillus lentimorbus
225991,847.585,Comamonas aquatica
1501,109.366,Clostridium pasteurianum
274,109.366,Thermus thermophilus
427923,109.366,Desulfurivibrio alkaliphilus
1579,456.055,Lactobacillus acidophilus
792637,25.701,Comamonas sp. MBIC3885
78257,109.366,Bifidobacterium saeculare
35701,532.748,Heliobacterium modesticaldum
545890,546.829,Alicyclobacillus aeris
1661050,164.049,Pseudomonas sp. NBRC 111135
358742,237.871,[Clostridium] aldenense
137591,546.829,Weissella cibaria
1520,10.953,Clostridium beijerinckii
303,164.049,Pseudomonas putida
755171,109.366,Peptoniphilus tyrrelliae
46914,820.244,Devosia riboflavina
39482,546.829,[Eubacterium] contortum
1313,114.834,Streptococcus pneumoniae
33038,727.337,[Ruminococcus] gnavus
216903,546.829,Chryseobacterium molle
44935,109.366,Halomonas venusta
1302,116.475,Streptococcus gordonii
118173,546.829,Pseudanabaena sp. PCC 6802
1397,218.732,Bacillus circulans
1358,238.882,Lactococcus lactis
46355,836.649,Spirochaeta africana
341225,273.415,[Clostridium] saccharogumia
1557,218.732,[Clostridium] litorale
28038,546.829,Lactobacillus curvatus
218538,184.281,Dialister invisus
29321,109.366,Turicella otitidis
1273686,546.829,Mycobacterium sp. VKM Ac-1816D
425941,109.366,Prevotella nanceiensis
736,109.366,Haemophilus paraphrohaemolyticus
59733,546.829,Chryseobacterium scophthalmum
76122,421.058,Alloprevotella tannerae
184607,164.049,Crocinitomix catalasitica
1874102,38.278,Unknown
425359,109.366,Bacillus sp. CCBAU 10777
1404,109.366,Bacillus megaterium
1450648,546.829,Clostridium oryzae
1681,211.678,Bifidobacterium bifidum
762212,847.585,Bifidobacterium biavatii
82135,164.049,Atopobium vaginae
417373,63.979,Lactobacillus equigenerosi
471189,765.561,Gordonibacter pamelaeae
1402,328.097,Bacillus licheniformis
56460,142.176,Xanthomonas vesicatoria
1531,15.858,[Clostridium] clostridioforme
584,492.146,Proteus mirabilis
1841,546.829,Nocardioides albus
492736,546.829,Dyadobacter alkalitolerans
1945662,492.146,Unknown
1550,335.316,Clostridium subterminale
135083,492.146,Selenomonas noxia
450367,328.097,[Brevibacterium] frigoritolerans
200616,546.829,Rhodoplanes cryptolactis
67260,437.463,Streptomyces cinereoruber
1584,114.834,Lactobacillus delbrueckii
28026,116.425,Bifidobacterium pseudocatenulatum
171437,120.302,Tistrella mobilis
536018,125.771,Mesorhizobium australicum
114528,202.327,Mogibacterium neglectum
28127,874.927,Prevotella buccalis
54005,109.366,Peptoniphilus harei
410072,142.176,Coprococcus comes
91915,546.829,Asaia bogorensis
157688,273.415,Leptotrichia hofstadii
2150,109.366,Acholeplasma modicum
266128,142.176,Stenotrophomonas koreensis
69825,200.905,[Clostridium] indolis
1346286,109.366,Dysgonomonas macrotermitis
489758,765.561,Hymenobacter deserti
927083,109.366,Sandaracinus amylolyticus
13690,218.732,Sphingobium yanoikuyae
349750,218.732,Sneathiella chinensis
1589,273.415,Lactobacillus pentosus
392409,929.609,Sphingomonas jaspsi
1718,38.278,Corynebacterium glutamicum
1381080,546.829,Idiomarina woesei
358743,124.677,[Clostridium] citroniae
140314,109.366,Trichococcus palustris
202,273.415,Campylobacter mucosalis
1612,546.829,Lactobacillus farciminis
387092,109.366,Nitratiruptor sp. SB155-2
90728,492.146,Desulfatiglans anilini
472056,218.732,Acidocella aluminiidurans
1427356,109.366,Hyphomicrobium nitrativorans
161493,546.829,Anaeromyxobacter dehalogenans
954,339.034,Francisella persica
658457,328.097,Pseudomonas composti
266125,218.732,Phenylobacterium koreense
47493,546.829,Lactobacillus panis
29581,109.366,Janthinobacterium lividum
137658,546.829,Pseudomonas indica
273168,109.366,Novosphingobium naphthalenivorans
44676,218.732,Geothrix fermentans
189381,328.097,Bacillus marisflavi
77007,109.366,Thiorhodovibrio winogradskyi
41985,546.829,Agromyces fucosus
1563,38.278,Desulfosporosinus orientis
237258,218.732,Cloacibacterium normanense
1462,109.366,Geobacillus kaustophilus
33984,109.366,Luteococcus japonicus
203471,546.829,Tepidiphilus margaritifer
105841,19.653,Anaerostipes caccae
29391,103.898,Gemella morbillorum
1717,240.605,Corynebacterium diphtheriae
182710,546.829,Oceanobacillus iheyensis
36745,115.381,Clostridium saccharoperbutylacetonicum
453230,218.732,Desulfarculus baarsii
671267,328.097,Bacteroides sartorii
48936,109.366,Novosphingobium subterraneum
47671,109.366,Lautropia mirabilis
470028,765.561,Devosia yakushimensis
155892,218.732,Caulobacter vibrioides
66904,546.829,Streptomyces roseolilacinus
35554,109.366,Geobacter sulfurreducens
185951,109.366,Sphingomonas aerolata
439493,164.049,Candidatus Pelagibacter sp. HTCC7211
187326,282.164,Megasphaera micronuciformis
1282,15.858,Staphylococcus epidermidis
705309,109.366,Bifidobacterium sp. JCM 6439
1694,656.195,Bifidobacterium pseudolongum
34015,546.829,Blastomonas natatoria
1311,352.923,Streptococcus agalactiae
55507,328.097,Schwartzia succinivorans
191495,546.829,Conexibacter woesei
214,109.366,Helicobacter felis
432303,492.146,Marinobacter guineae
213588,109.366,Thermomonas hydrothermalis
157692,601.512,Leptotrichia goodfellowii
817,115.561,Bacteroides fragilis
563,546.829,Shimwellia blattae
2751,273.415,Carnobacterium maltaromaticum
147207,362.548,Collinsella intestinalis
1967,109.366,Streptomyces kanamyceticus
137357,142.176,Lactobacillus equi
673862,874.927,Candidatus Babela massiliensis
29422,109.366,Legionella brunensis
39777,519.488,Veillonella atypica
332056,109.366,Sphingobium japonicum
196588,546.829,Porphyrobacter cryptus
449215,765.561,Bacillus longiquaesitum
137662,492.146,Nonomuraea terrinata
33934,103.898,Anoxybacillus flavithermus
443143,546.829,Geobacter sp. M18
46503,130.692,Parabacteroides merdae
336989,546.829,Pontibacter roseus
520080,377.312,Lactobacillus sp. KLDS 1.0713
1504,120.302,Clostridium septicum
1775,109.366,Mycobacterium cookii
322508,656.195,Kocuria himachalensis
1265,437.463,Ruminococcus flavefaciens
86103,765.561,Idiomarina zobellii
623,153.112,Shigella flexneri
1512,127.083,[Clostridium] symbiosum
122,38.278,Gimesia maris
158,218.732,Treponema denticola
86170,328.097,Syntrophothermus lipocalidus
386487,546.829,Candidatus Ruthia magnifica
154046,492.146,Hungatella hathewayi
310297,546.829,Bacteroides plebeius
351091,240.605,Oscillibacter valericigenes
28116,611.847,Bacteroides ovatus
1655,601.512,Actinomyces naeslundii
317,546.829,Pseudomonas syringae
502394,273.415,Deinococcus gobiensis
28199,546.829,Arcobacter nitrofigilis
1254,164.049,Pediococcus acidilactici
1428,295.288,Bacillus thuringiensis
204516,109.913,Bacteroides massiliensis
2748,109.366,Carnobacterium divergens
28129,142.176,Prevotella denticola
180164,710.878,Blautia schinkii
1632,147.644,Lactobacillus oris
1018,164.049,Capnocytophaga ochracea
1833,109.366,Rhodococcus erythropolis
33011,202.327,Propionibacterium granulosum
1765963,546.829,Deinococcus sp. YIM F302
1280,366.375,Staphylococcus aureus
44251,20.342,Paenibacillus durus
29372,109.366,Clostridium thermobutyricum
28229,601.512,Colwellia psychrerythraea
160791,109.366,Sphingomonas wittichii
130049,546.829,Paenibacillus dendritiformis
246787,132.333,Bacteroides cellulosilyticus
421072,328.097,Epilithonimonas lactis
97253,546.829,Eubacterium plexicaudatum
86333,546.829,Mogibacterium vescum
236814,109.366,Chryseobacterium formosense
1535,238.964,[Clostridium] leptum
206403,546.829,Sulfurovum lithotrophicum
1335,194.671,Streptococcus equinus
39492,218.732,[Eubacterium] siraeum
823,349.478,Parabacteroides distasonis
247,218.732,Empedobacter brevis
637886,109.366,Dysgonomonas hofstadii
657445,546.829,Francisella noatunensis
61635,459.883,Acholeplasma brassicae
729,162.408,Haemophilus parainfluenzae
69823,251.541,Selenomonas sputigena
228603,164.049,Prevotella shahii
68909,109.366,Deinococcus geothermalis
479106,546.829,Arthrobacter sanguinis
29466,115.381,Veillonella parvula
102684,437.463,Streptococcus infantarius
1231,546.829,Nitrosospira multiformis
96345,109.366,Flavobacterium psychrophilum
863372,377.312,Herbaspirillum huttiense
1914,546.829,Streptomyces lavendulae
28213,546.829,Sphingomonas parapaucimobilis
1919,164.049,Streptomyces microflavus
52022,546.829,Meiothermus silvanus
77097,546.829,Halomonas aquamarina
39962,328.097,Legionella moravica
480930,546.829,Lactobacillus odoratitofui
285535,38.278,Streptomyces fulvoviolaceus
243924,437.463,Pseudomonas lutea
313368,109.366,Maribius salinus
187145,207.795,Caldithrix abyssi
1493,546.829,Clostridium cellulovorans
33871,273.415,Coriobacterium glomerans
28111,273.415,Bacteroides eggerthii
202955,349.971,Acinetobacter tjernbergiae
59845,546.829,Paenibacillus illinoisensis
1661055,546.829,Pseudomonas sp. NBRC 111140
305719,114.834,Prevotella baroniae
933059,546.829,Gemmobacter aquatilis
31973,218.732,Eggerthia catenaformis
1613,984.292,Lactobacillus fermentum
341694,114.287,Peptostreptococcus stomatis
43675,716.346,Rothia mucilaginosa
1406,546.829,Paenibacillus polymyxa
47678,142.176,Bacteroides caccae
40542,218.732,Leptotrichia buccalis
45851,546.829,Butyrivibrio crossotus
191577,546.829,Epilithonimonas tenax
164546,546.829,Cupriavidus taiwanensis
1307,328.097,Streptococcus suis
1155527,38.278,Micromonospora sp. YIM M10932
477641,109.366,Modestobacter marinus
46228,320.442,Ruminococcus lactaris
821,140.535,Bacteroides vulgatus
58344,546.829,Streptomyces celluloflavus
47500,273.415,Aneurinibacillus migulanus
531813,328.097,Pelagibacterium halotolerans
28258,109.366,Cobetia marina
297,109.366,Hydrogenophilus thermoluteolus
36834,601.512,Clostridium celatum
256701,546.829,Glutamicibacter arilaitensis
755731,109.366,Clostridium sp. BNL1100
105560,328.097,Methylibium petroleiphilum
198706,546.829,Lampropedia hyalina
1596,313.333,Lactobacillus gasseri
1727,164.049,Corynebacterium variabile
278990,109.366,Brevibacillus levickii
1505723,270.298,Lactobacillus bombicola
281920,488.865,Porphyromonas uenonis
171402,546.829,Paenibacillus sp. DSM 1474
118967,541.361,Anaerorhabdus furcosa
505,497.614,Kingella oralis
185294,120.302,Prevotella paludivivens
670,546.829,Vibrio parahaemolyticus
453582,38.278,Rhodobacter aestuarii
837,581.279,Porphyromonas gingivalis
45242,164.049,Capnocytophaga granulosa
141390,15.858,Chromohalobacter israelensis
210,100.288,Helicobacter pylori
29549,109.366,Rhodothermus marinus
19,213.263,Pelobacter carbinolicus
2702,164.049,Gardnerella vaginalis
470,100.945,Acinetobacter baumannii
44256,164.049,Caldanaerobius polysaccharolyticus
28118,820.244,Odoribacter splanchnicus
135719,437.463,Sphingobium amiense
654,546.829,Aeromonas veronii
39485,842.117,[Eubacterium] eligens
56810,546.829,Psychrobacter glacincola
946435,546.829,Jeotgalicoccus sp. ATCC 8456
421,109.366,Methylomonas methanica
490979,109.366,Rubellimicrobium aerolatum
13335,874.927,Anaerobiospirillum succiniciproducens
308994,989.761,Dialister propionicifaciens
2358,546.829,Desulfomonile tiedjei
28136,207.795,Prevotella oulorum
55565,20.342,Actinomyces graevenitzii
1744,109.366,Propionibacterium freudenreichii
33035,284.351,Blautia producta
102148,529.331,Solobacterium moorei
91458,229.668,Halomonas sp. MBIC2031
46125,295.288,Abiotrophia defectiva
357808,322.629,Roseiflexus sp. RS-1
43997,492.146,Catonella morbi
191770,109.366,Marinilactibacillus psychrotolerans
840,492.146,Prevotella loescheii
49283,164.049,Paenibacillus thiaminolyticus
1515,492.146,Ruminiclostridium thermocellum
1686,499.802,Bifidobacterium catenulatum
363832,984.292,Solirubrobacter soli
402877,164.049,Syntrophomonas palmitatica
29348,125.771,[Clostridium] spiroforme
1387982,546.829,Tomitella cavernea
1465754,492.146,Alistipes timonensis
194702,164.049,Cardiobacterium valvarum
206,306.224,Campylobacter sputorum
959,546.829,Bdellovibrio bacteriovorus
1659,929.609,Actinomyces israelii
1795,164.049,Mycobacterium neoaurum
404900,164.049,Geminicoccus roseus
36835,328.097,[Clostridium] colinum
158080,546.829,Chromohalobacter salexigens
59310,546.829,Streptococcus macedonicus
741091,120.302,Rahnella sp. Y9602
69710,109.366,Treponema vincentii
1750644,546.829,Aeromicrobium sp. YIM Y47
1689,142.176,Bifidobacterium dentium
927669,109.366,Pseudanabaena biceps
1861,546.829,Geodermatophilus obscurus
504487,492.146,Jejuia pallidilutea
1296,546.829,Staphylococcus sciuri
41976,12.331,Porphyromonas catoniae
208480,218.732,Actinomyces nasicola
1303,102.257,Streptococcus oralis
467976,328.097,Iamia majanohamensis
58134,546.829,[Desulfotomaculum] guttoideum
194326,437.463,Lactobacillus versmoldensis
370978,273.415,Runella limosa
767892,4.484,Candidatus Puniceispirillum marinum
86102,109.366,Idiomarina abyssalis
176291,546.829,Lactobacillus vaccinostercus
2743,229.668,Marinobacter hydrocarbonoclasticus
39488,160.768,[Eubacterium] hallii
29510,546.829,Turneriella parva
2145,109.366,Spiroplasma taiwanense
859,109.366,Fusobacterium necrophorum
543890,109.366,Gracilibacillus saliphilus
1307761,546.829,Salinispira pacifica
739,941.093,Aggregatibacter segnis
184064,656.195,Thermodesulfobium narugense
76947,710.878,Sphingobium herbicidovorans
876,546.829,Desulfovibrio desulfuricans
38303,218.732,Corynebacterium pseudogenitalium
281120,218.732,Candidatus Amoebophilus asiaticus
36805,546.829,Microbacterium aurum
33942,656.195,Brevibacillus thermoruber
166501,262.478,Thermobaculum terrenum
38986,874.927,Acholeplasma palmae
94009,492.146,Thermicanus aegyptius
33037,678.068,Anaerococcus vaginalis
1308,12.249,Streptococcus thermophilus
152297,273.415,Pseudoalteromonas issachenkonii
911205,328.097,Eilatimonas milleporae
47885,149.284,Pseudomonas oryzihabitans
93063,328.097,Sphingomonas aquatilis
155077,328.097,Cellvibrio japonicus
334424,546.829,Hymenobacter rigui
202747,164.049,Sulfurimonas autotrophica
1015,437.463,Bergeyella zoohelcum
543913,546.829,beta proteobacterium CB
943936,546.829,Psychroserpens damuponensis
1270,546.829,Micrococcus luteus
33051,109.366,Sphingomonas sanguinis
264027,180.454,Algoriphagus marincola
453,164.049,Legionella feeleii
80866,109.366,Delftia acidovorans
508451,109.366,Lactobacillus taiwanensis
156981,109.366,Cellulomonas hominis
633417,109.366,Aeromonas taiwanensis
78120,546.829,Succinispira mobilis
488,765.561,Neisseria mucosa
349221,164.049,Micavibrio aeruginosavorus
52770,153.112,Actinomyces hordeovulneris
1498,492.146,Hathewaya histolytica
180332,103.898,Robinsoniella peoriensis
55206,710.878,Spirochaeta smaragdinae
251535,710.878,Candidatus Blochmannia vafer
1267,328.097,Clostridium ventriculi
1607,546.829,Lactobacillus bifermentans
310783,218.732,Deinococcus deserti
40681,546.829,Sphingomonas asaccharolytica
1639,563.234,Listeria monocytogenes
1173264,546.829,Leptolyngbya sp. PCC 6406
1850093,218.732,Unknown
86957,546.829,Selenomonas lacticifex
84026,218.732,[Clostridium] methylpentosum
470565,628.853,Prevotella histicola
33031,543.548,Peptoniphilus lacrimalis
897,492.146,Desulfococcus multivorans
1161942,1.9682,Ruminococcus champanellensis
239935,500.895,Akkermansia muciniphila
92835,546.829,Microbacterium ketosireducens
53374,328.097,Corynebacterium coyleae
114615,109.366,Bradyrhizobium sp. ORS 278
644221,546.829,Arenicella xantha
1122204,546.829,Marinococcus luteus
824,109.366,Campylobacter gracilis
1985254,546.829,Unknown
2426,437.463,Teredinibacter turnerae
86179,164.049,Chromohalobacter beijerinckii
316278,109.366,Synechococcus sp. RCC307
645466,15.858,Anaerostipes butyraticus
28125,492.146,Prevotella bivia
89059,546.829,Lactobacillus acidipiscis
196024,328.097,Aeromonas dhakensis
1365,109.366,Lactococcus plantarum
39491,304.967,[Eubacterium] rectale
115553,546.829,Halomonas sulfidaeris
225324,776.497,Enhydrobacter aerosaccus
141389,109.366,Chromohalobacter canadensis
1689834,546.829,Acidithiobacillus ferriphilus
439703,355.439,Prevotella maculosa
851,275.438,Fusobacterium nucleatum
28134,141.082,Prevotella oralis
309120,328.097,Dialister micraerophilus
2296,546.829,Desulfobacterium autotrophicum
29542,492.146,Pelobacter acetylenicus
1708783,546.829,Pseudomonas sp. DSM 100277
70995,109.366,Lewinella cohaerens
83617,164.049,Stenotrophomonas nitritireducens
225194,546.829,Geobacter bemidjiensis
166485,405.802,Caminicella sporogenes
121290,546.829,Hyphomicrobium sulfonivorans
85831,164.049,Bacteroides acidifaciens
107580,273.415,Bacteroides sp. CIP103040
86664,109.366,Bacillus flexus
444923,546.829,Rhodoplanes piscinae
70998,109.366,Lewinella persica
200,984.292,Campylobacter curvus
1261,787.434,Peptostreptococcus anaerobius
1352,273.415,Enterococcus faecium
174038,196.858,Luteococcus sanguinis
419475,546.829,Ochrobactrum pseudogrignonense
329,196.858,Ralstonia pickettii
48296,38.278,Acinetobacter pittii
1561,164.049,Clostridium baratii
415425,218.732,Flavobacterium terrae
592978,508.551,Ruminococcus faecis
86177,546.829,Pseudomonas halophila
46610,2.242,Geobacter sp.
256618,218.732,Parvibaculum lavamentivorans
544580,273.415,Actinomyces oris
328814,909.924,Alistipes shahii
29435,109.366,Pseudomonas flavescens
65058,546.829,Corynebacterium ulcerans
1581,240.605,Lactobacillus buchneri
1507,328.097,Clostridium sp. ATCC 29733
1195760,410.122,Wenyingzhuangia marina
54007,38.278,Anaerococcus octavius
614671,164.049,Sphingosinicella vermicomposti
672,546.829,Vibrio vulnificus
291644,200.249,Bacteroides salyersiae
143393,437.463,[Eubacterium] sulci
33940,109.366,Geobacillus thermodenitrificans
43057,109.366,Rhodobacter azotoformans
2035,710.878,Curtobacterium flaccumfaciens
1731,546.829,Eubacterium acidaminophilum
853,988.776,Faecalibacterium prausnitzii
39791,546.829,Corynebacterium glucuronolyticum
169176,546.829,Novosphingobium tardaugens
1245,743.688,Leuconostoc mesenteroides
234908,877.934,Sutterella stercoricanis
1113616,546.829,Paenibacillus sp. NBRC 13633
124919,546.829,Corynebacterium sp. ATCC 43833
158787,718.533,Bifidobacterium scardovii
907,174.985,Megasphaera elsdenii
47847,109.366,Brachybacterium nesterenkovii
453816,328.097,Bdellovibrio exovorus
28108,328.097,Alteromonas macleodii
36849,546.829,Oxobacter pfennigii
42236,546.829,Streptomyces diastatochromogenes
59841,546.829,Paenibacillus kobensis
119484,15.858,Syntrophobacter fumaroxidans
161889,218.732,Corynebacterium lipophiloflavum
413479,164.049,Solimonas soli
29539,546.829,Thermoleophilum album
228229,508.551,Lactobacillus saerimneri
421628,218.732,Ectothiorhodospira haloalkaliphila
326522,795.089,Neisseria animaloris
298163,437.463,Patulibacter minatonensis
28133,125.771,Prevotella nigrescens
996,492.146,Flavobacterium columnare
866801,546.829,Lactobacillus ozensis
483,2.242,Neisseria cinerea
1855912,169.517,Unknown
287844,546.829,Lactobacillus concavus
2055,546.829,Gordonia terrae
261934,273.415,Pleomorphomonas oryzae
94627,546.829,Ochrobactrum grignonense
192421,546.829,Planococcus maritimus
156456,131.239,Anaeroglobus geminatus
132476,437.463,Pseudomonas kilonensis
395922,111.006,Coraliomargarita akajimensis
46429,437.463,Sphingobium chlorophenolicum
119206,218.732,Aerococcus sanguinicola
66429,546.829,Streptomyces roseoverticillatus
587753,109.366,Pseudomonas chlororaphis
1160,164.049,Planktothrix agardhii
90729,218.732,[Desulfobacterium] catecholicum
367279,546.829,Pseudonocardia ailaonensis
228600,546.829,Nocardia araoensis
191298,185.922,Pseudomonas sp. VKM B-2265
1223514,546.829,Corynebacterium humireducens
33039,180.454,[Ruminococcus] torques
1275,218.732,Kocuria rosea
1598,404.654,Lactobacillus reuteri
414,546.829,Methylococcus capsulatus
28901,2.242,Salmonella enterica
1491,218.732,Clostridium botulinum
219748,163.721,Clostridium tunisiense
263,109.366,Francisella tularensis
557332,546.829,Pontibacter xinjiangensis
88431,984.292,Dorea longicatena
173480,546.829,Gemmatimonas aurantiaca
72000,109.366,Kocuria rhizophila
33032,164.049,Anaerococcus lactolyticus
88058,164.049,Treponema primitia
472963,546.829,Anaerobacillus alkalidiazotrophicus
81895,109.366,Prosthecomicrobium pneumaticum
1519,546.829,Clostridium tyrobutyricum
1626,546.829,Lactobacillus sharpeae
1409,546.829,Bacillus sp.
797292,109.366,Sphingobacterium alimentarium
293,109.366,Brevundimonas diminuta
67576,109.366,Rheinheimera baltica
1299,102.804,Deinococcus radiodurans
29430,273.415,Acinetobacter haemolyticus
81037,601.512,Pseudoalteromonas elyakovii
185293,546.829,Prevotella oryzae
301301,339.034,Roseburia hominis
1683,117.021,Bifidobacterium angulatum
1382,353.252,Atopobium parvulum
107709,109.366,Opitutus terrae
38310,546.829,Rhodococcus coprophilus
1872480,164.049,Unknown
652716,15.858,Prevotella sp. oral taxon 299
1337,546.829,Streptococcus hyointestinalis
40683,109.366,Sphingomonas pruni
1121298,638.696,Clostridium amylolyticum
288965,164.049,[Clostridium] clariflavum
407234,984.292,Rhodobacter vinaykumarii
310514,109.366,Prevotella multisaccharivorax
818,179.087,Bacteroides thetaiotaomicron
49185,546.829,Kineosporia aurantiaca
419015,19.139,Alloscardovia omnicolens
46506,165.131,Bacteroides stercoris
185300,546.829,Paludibacter propionicigenes
39496,300.756,Eubacterium ventriosum
245,546.829,Flavobacterium aquatile
461393,218.732,Actinomyces massiliensis
1113803,164.049,Marinobacter sp. NBRC 101710
2724,407.825,Hirschia baltica
180311,409.575,Hespellia stercorisuis
106654,218.732,Acinetobacter nosocomialis
39493,935.078,Clostridium tarantellae
9,109.366,Buchnera aphidicola
88688,164.049,Caulobacter segnis
151781,546.829,Lactobacillus intestinalis
1644128,109.366,Rhodobacter sp. YIM 71281
29360,590.575,Cellulosilyticum lentocellum
279832,656.195,Suttonella ornithocola
1547,109.792,Erysipelatoclostridium ramosum
891,546.829,Desulfuromonas acetoxidans
37734,218.732,Enterococcus casseliflavus
1490,546.829,Paraclostridium bifermentans
165179,486.678,Prevotella copri
157691,180.454,Leptotrichia shahii
1693,601.512,Bifidobacterium minimum
316,929.609,Pseudomonas stutzeri
240427,437.463,Lactobacillus paracollinoides
286730,546.829,Alkaliflexus imshenetskii
264463,546.829,Anaerosporobacter mobilis
82375,125.771,Anaerosinus glycerini
254161,546.829,Pseudomonas pachastrellae
349931,218.732,Clostridium cavendishii
64471,546.829,Synechococcus sp. CC9311
33952,109.366,Acetobacterium woodii
106648,546.829,Acinetobacter bereziniae
43131,601.512,Tissierella praeacuta
792640,169.517,Paracoccus sp. MBIC3345
87541,546.829,Aerococcus christensenii
1297750,862.404,Bacteroides luti
100584,546.829,Pseudomonas sp. MBIC2027
43990,328.097,Corynebacterium segmentosum
161879,218.732,Corynebacterium kroppenstedtii
39778,656.195,Veillonella dispar
43657,164.049,Pseudoalteromonas luteoviolacea
208226,546.829,Alkaliphilus metalliredigens
38289,601.512,Corynebacterium jeikeium
1113709,109.366,Psychrobacter sp. NBRC 101052
114,546.829,Gemmata obscuriglobus
199,131.239,Campylobacter concisus
1113998,546.829,Lactobacillus sp. NBRC 107175
1350067,273.415,Microbacter margulisiae
1328,984.292,Streptococcus anginosus
39497,109.366,Eubacterium xylanophilum
301092,546.829,Marinococcus halotolerans
589437,546.829,Prevotella scopos
61435,109.366,Dehalococcoides mccartyi
1737,164.049,[Eubacterium] tenue
204038,164.049,Dickeya dadantii
33905,546.829,Bifidobacterium thermophilum
208479,85.196,[Clostridium] bolteae
29367,984.292,Clostridium puniceum
197614,370.881,Streptococcus pasteurianus
732,38.278,Aggregatibacter aphrophilus
310298,546.829,Bacteroides coprocola
33959,656.195,Lactobacillus johnsonii
762209,546.829,Bifidobacterium callitrichos
471,273.415,Acinetobacter calcoaceticus
503170,202.327,Salisaeta longa
24,459.336,Shewanella putrefaciens
216816,231.856,Bifidobacterium longum
359303,546.829,Shewanella loihica
36847,228.028,[Clostridium] neopropionicum
70997,109.366,Lewinella nigricans
287098,109.366,Loktanella rosea
28117,251.541,Alistipes putredinis
2057,109.366,Sphaerobacter thermophilus
84112,185.922,Eggerthella lenta
83526,164.049,Lactobacillus paralimentarius
28251,492.146,Ornithobacterium rhinotracheale
28037,123.419,Streptococcus mitis
43263,185.922,Pseudomonas alcaligenes
400772,710.878,Microbacterium ginsengisoli
29385,38.278,Staphylococcus saprophyticus
48935,109.366,Novosphingobium aromaticivorans
39484,159.674,Eubacterium desmolans
1502,573.142,Clostridium perfringens
1264,546.829,Ruminococcus albus
242750,710.878,Prevotella bergensis
747,546.829,Pasteurella multocida
169435,213.263,Anaerotruncus colihominis
316279,109.366,Synechococcus sp. CC9902
290588,273.415,Bacillus oshimensis
1633,601.512,Lactobacillus vaginalis
76860,546.829,Streptococcus constellatus
89402,546.829,Colwellia hornerae
46206,109.366,Pseudobutyrivibrio ruminis
40215,455.618,Acinetobacter junii
1017,328.097,Capnocytophaga gingivalis
81028,601.512,Treponema brennaborense
294710,164.049,Proteiniphilum acetatigenes
29317,765.561,Actinomyces sp.
1827101,874.927,Eubacterium sp. JCM 9976
40519,109.366,Ruminococcus callidus
314275,164.049,Alteromonas mediterranea
34038,710.878,Rahnella aquatilis
1008,546.829,Saprospira grandis
1168034,546.829,Draconibacterium orientale
246618,328.097,Bifidobacterium thermacidophilum
1680,287.643,Bifidobacterium adolescentis
174709,218.732,Allobaculum stercoricanis
464176,546.829,Streptomyces sp. HBUM 171192
1549858,218.732,Sphingomonas taxi
827,328.097,Campylobacter ureolyticus
1747,835.609,Propionibacterium acnes
63363,546.829,Aquifex aeolicus
380393,164.049,Lactobacillus namurensis
820,124.677,Bacteroides uniformis
279360,546.829,Roseivirga ehrenbergii
1624,328.097,Lactobacillus salivarius
172042,656.195,Rothia aeria
1219,788.528,Prochlorococcus marinus
754436,787.434,Photobacterium aphoticum
905,109.366,Acidaminococcus fermentans
45067,109.366,Legionella lansingensis
187491,492.146,Corynebacterium glaucum
34062,164.049,Moraxella osloensis
53398,109.366,Hyphomicrobium aestuarii
302449,109.366,Corynebacterium tuscaniense
1590651,546.829,Paenibacillus sp. VKM B-2647
253239,109.366,Ethanoligenens harbinense
329854,218.732,Bacteroides intestinalis
290053,546.829,Bacteroides helcogenes
1534,109.366,Clostridium kluyveri
38313,109.366,Shewanella algae
169960,546.829,Arthrobacter gandavensis
111015,984.292,Actinomyces radicidentis
29347,306.771,[Clostridium] scindens
462710,546.829,Microbacterium binotii
28110,492.146,Francisella philomiragia
52227,262.478,Prevotella dentalis
83,546.829,Hyphomicrobium vulgare
544581,546.829,Actinomyces johnsonii
859653,656.195,alpha proteobacterium HIMB5
48076,164.049,Marinobacterium georgiense
371601,229.504,Bacteroides xylanisolvens
39490,652.367,Eubacterium ramulus
777,213.263,Coxiella burnetii
28447,656.195,Clavibacter michiganensis
1906,656.195,Streptomyces fradiae
198312,546.829,Porphyrobacter sanguineus
28446,474.648,[Clostridium] propionicum
1685,134.793,Bifidobacterium breve
562,328.097,Escherichia coli
253245,114.834,Owenweeksia hongkongensis
29570,492.146,Halomonas meridiana
1304,23.623,Streptococcus salivarius
1416779,164.049,Chryseobacterium zeae
60478,546.829,Shewanella amazonensis
1379,533.705,Gemella haemolysans
1542,546.829,Clostridium novyi
478,546.829,Moraxella nonliquefaciens
60133,222.013,Prevotella pallens
156980,656.195,Arthrobacter woluwensis
1376,546.829,Aerococcus urinae
1888,546.829,Streptomyces albus
177972,492.146,Shuttleworthia satelles
256702,546.829,Glutamicibacter bergerei
266748,656.195,Chryseobacterium antarcticum
28232,546.829,Geobacter metallireducens
1930,765.561,Streptomyces scabiei
587,164.049,Providencia rettgeri
1249552,601.512,Pseudohongiella spirulinae
633701,164.049,Prevotella saccharolytica
133453,218.732,Caldilinea aerophila
1750,546.829,Propionibacterium propionicum
35841,328.097,Bacillus thermoamylovorans
175696,109.366,Thermaerobacter subterraneus
70775,164.049,Pseudomonas plecoglossicida
148,111.553,Spirochaeta bajacaliforniensis
343,218.732,Xanthomonas translucens
1343,217.638,Streptococcus vestibularis
112002,546.829,Psychrobacter pacificensis
89014,514.949,Blautia luti
726,208.342,Haemophilus haemolyticus
392413,546.829,Deinococcus misasensis
103810,546.829,Riemerella columbina
964,109.366,Herbaspirillum seropedicae
1665,656.195,Arthrobacter globiformis
665118,710.878,Vasilyevaea enhydra
536633,219.825,Blautia glucerasea
39950,21.031,Dialister pneumosintes
228604,765.561,Prevotella salivae
39486,344.502,Dorea formicigenerans
203,164.049,Campylobacter rectus
288995,601.512,Devosia limi
47877,546.829,Pseudomonas amygdali
401562,546.829,Aureimonas ureilytica
198252,636.509,Candidatus Pelagibacter ubique
28104,109.366,Mesorhizobium huakuii
1484053,546.829,Mariniphaga anaerophila
170679,546.829,Vibrio chagasii
62322,202.327,Shewanella baltica
1590,340.128,Lactobacillus plantarum
35751,546.829,Sporichthya polymorpha
28119,328.097,Bacteroides zoogleoformans
228576,273.415,Bacillus patagoniensis
649724,109.366,Clostridium sp. ATCC BAA-442
529005,546.829,Sphingobium vermicomposti
305793,546.829,Lactobacillus nantensis
339,349.971,Xanthomonas campestris
228,546.829,Pseudoalteromonas haloplanktis
84633,546.829,Kineosporia rhizophila
53972,317.161,Rhodococcus corynebacterioides
1366,727.283,Lactococcus raffinolactis
1177755,109.366,Methyloligella halotolerans
1255,539.173,Pediococcus pentosaceus
669,164.049,Vibrio harveyi
46124,153.112,Granulicatella adiacens
89154,109.366,Corynebacterium terpenotabidum
1123045,765.561,Ponticaulis koreensis
33954,38.278,Clostridium magnum
28137,38.278,Prevotella veroralis
85338,120.302,Rothia sp. CCUG 25688
238,109.366,Elizabethkingia meningoseptica
1134563,437.463,Prevotella sp. JCM 6348
112009,546.829,Ignatzschineria larvae
333297,164.049,Methylobacterium adhaesivum
103621,470.273,Actinomyces urogenitalis
137732,619.557,Granulicatella elegans
1532,326.457,Blautia coccoides
1678310,546.829,Planktothrix serta
84163,114.834,Cryptobacterium curtum
100134,546.829,Anaerocolumna xylanovorans
114702,144.636,Actinomyces lingnae
37921,546.829,Arthrobacter agilis
166486,218.732,Roseburia intestinalis
173361,164.049,Brachybacterium rhamnosum
762211,273.415,Bifidobacterium stellenboschense
744985,459.336,alpha proteobacterium HIMB59
110845,164.049,Jeotgalicoccus pinnipedialis
135082,601.512,Selenomonas infelix
86959,131.239,Propionispira raffinosivorans
351604,218.732,Geobacter uraniireducens
85874,546.829,Thermacetogenium phaeum
1616,546.829,Weissella kandleri
55210,109.366,Brenneria nigrifluens
84030,867.818,[Clostridium] saccharolyticum
244787,109.366,Nautilia profundicola
56,546.829,Sorangium cellulosum
679249,314.427,Lactobacillus floricola
69895,109.366,Tindallia magadiensis
1324766,546.829,Rothia endophytica
839,984.292,Prevotella ruminicola
64178,546.829,Coleofasciculus chthonoplastes
36874,164.049,Porphyromonas cangingivalis
332249,109.366,Truepera radiovictrix
360807,114.287,Roseburia inulinivorans
1054996,546.829,Roseovarius marisflavi
1148157,109.366,Acinetobacter oleivorans
74031,109.366,Roseovarius tolerans
93683,109.366,Roseivivax halodurans
101564,153.112,Pseudomonas alcaliphila
1746623,546.829,Arthrobacter sp. HBUM179104
36855,874.927,Brucella canis
290055,546.829,[Eubacterium] fissicatena
1490051,492.146,Anoxybacillus geothermalis
745368,153.112,Gemmiger formicilis
1492,445.666,Clostridium butyricum
703,492.146,Plesiomonas shigelloides
288769,109.366,Tepidimonas arfidensis
1113617,492.146,Paenibacillus sp. NBRC 13637
28123,12.845,Porphyromonas asaccharolytica
676599,546.829,Stenotrophomonas panacihumi
328812,812.041,Parabacteroides goldsteinii
76848,109.366,Sphingomonas roseiflava
334736,546.829,Sporosarcina soli
28025,989.323,Bifidobacterium animalis
573569,109.366,Francisella sp. TX077308
48466,546.829,Prosthecobacter vanneervenii
1691,393.717,Bifidobacterium indicum
28112,109.366,Tannerella forsythia
261299,109.366,Intestinibacter bartlettii
-1,360.732,Unknown